-- 菜单
INSERT INTO `sys_menu`(`id`, `label`, `description`, `type`, `path`, `component`, `icon`, `num`, `parent_num`, `order_num`, `create_time`, `update_time`, `create_uid`, `update_uid`) VALUES (1, '系统管理', '错误页面', 2, '/admin', '', 'el-icon-s-tools', 1, -1, 1, '2020-07-02 14:50:20', '2020-07-02 14:50:30', 1, 1240867920893558785);
INSERT INTO `sys_menu`(`id`, `label`, `description`, `type`, `path`, `component`, `icon`, `num`, `parent_num`, `order_num`, `create_time`, `update_time`, `create_uid`, `update_uid`) VALUES (2, '用户管理', '500', 2, 'user', 'views/upms/user', 'el-icon-user-solid', 11, 1, 1, '2020-03-21 06:54:57', '2020-03-21 14:54:57', 1, 1240192515995959297);
INSERT INTO `sys_menu`(`id`, `label`, `description`, `type`, `path`, `component`, `icon`, `num`, `parent_num`, `order_num`, `create_time`, `update_time`, `create_uid`, `update_uid`) VALUES (3, '角色管理', '400', 2, 'role', 'views/upms/role', 'el-icon-s-custom', 12, 1, 2, '2020-03-21 06:55:56', '2020-03-21 14:55:56', 1, 1240192515995959297);
INSERT INTO `sys_menu`(`id`, `label`, `description`, `type`, `path`, `component`, `icon`, `num`, `parent_num`, `order_num`, `create_time`, `update_time`, `create_uid`, `update_uid`) VALUES (4, '菜单管理', '菜单', 2, 'menu', 'views/upms/menu', 'el-icon-menu', 13, 1, 3, '2020-03-21 06:54:09', '2020-03-21 14:54:09', 1, 1240192515995959297);
INSERT INTO `sys_menu`(`id`, `label`, `description`, `type`, `path`, `component`, `icon`, `num`, `parent_num`, `order_num`, `create_time`, `update_time`, `create_uid`, `update_uid`) VALUES (1241078089300623361, '权限管理', NULL, 2, 'perm', 'views/upms/perm', 'el-icon-s-platform', 14, 1, 4, '2020-03-21 06:58:02', '2020-03-21 14:58:03', 1240192515995959297, 1240192515995959297);
INSERT INTO `sys_menu`(`id`, `label`, `description`, `type`, `path`, `component`, `icon`, `num`, `parent_num`, `order_num`, `create_time`, `update_time`, `create_uid`, `update_uid`) VALUES (1241225809789317121, '新增用户', NULL, 3, '', '', '', 111, 11, 111, '2020-07-02 17:34:27', '2020-07-02 17:34:37', 1240192515995959297, 1240867920893558785);
INSERT INTO `sys_menu`(`id`, `label`, `description`, `type`, `path`, `component`, `icon`, `num`, `parent_num`, `order_num`, `create_time`, `update_time`, `create_uid`, `update_uid`) VALUES (1241226296613793793, '更新用户', NULL, 3, '', '', '', 112, 11, 112, '2020-07-02 17:55:55', '2020-07-02 17:56:05', 1240192515995959297, 1240867920893558785);
INSERT INTO `sys_menu`(`id`, `label`, `description`, `type`, `path`, `component`, `icon`, `num`, `parent_num`, `order_num`, `create_time`, `update_time`, `create_uid`, `update_uid`) VALUES (1241232210418728961, '用户列表', NULL, 3, '', '', '', 110, 11, 110, '2020-07-03 08:59:43', '2020-07-03 08:59:54', 1240192515995959297, 1240867920893558785);
INSERT INTO `sys_menu`(`id`, `label`, `description`, `type`, `path`, `component`, `icon`, `num`, `parent_num`, `order_num`, `create_time`, `update_time`, `create_uid`, `update_uid`) VALUES (1241235174617280513, '角色列表', NULL, 3, '', '', '', 120, 12, 120, '2020-07-03 11:27:50', '2020-07-03 11:28:00', 1240192515995959297, 1240867920893558785);
INSERT INTO `sys_menu`(`id`, `label`, `description`, `type`, `path`, `component`, `icon`, `num`, `parent_num`, `order_num`, `create_time`, `update_time`, `create_uid`, `update_uid`) VALUES (1241235316242149377, '创建角色', NULL, 3, '', '', '', 121, 12, 121, '2020-07-03 11:19:00', '2020-07-03 11:19:10', 1240192515995959297, 1240867920893558785);
INSERT INTO `sys_menu`(`id`, `label`, `description`, `type`, `path`, `component`, `icon`, `num`, `parent_num`, `order_num`, `create_time`, `update_time`, `create_uid`, `update_uid`) VALUES (1241253796337278977, '更新角色', NULL, 3, '', '', '', 123, 12, 123, '2020-07-03 11:28:02', '2020-07-03 11:28:13', 1240192515995959297, 1240867920893558785);
INSERT INTO `sys_menu`(`id`, `label`, `description`, `type`, `path`, `component`, `icon`, `num`, `parent_num`, `order_num`, `create_time`, `update_time`, `create_uid`, `update_uid`) VALUES (1241253984636362754, '删除角色', NULL, 3, '', '', '', 124, 12, 124, '2020-07-03 11:28:10', '2020-07-03 11:28:21', 1240192515995959297, 1240867920893558785);
INSERT INTO `sys_menu`(`id`, `label`, `description`, `type`, `path`, `component`, `icon`, `num`, `parent_num`, `order_num`, `create_time`, `update_time`, `create_uid`, `update_uid`) VALUES (1241254140979044354, '删除用户', NULL, 3, '', '', '', 112, 11, 112, '2020-07-02 17:56:02', '2020-07-02 17:56:12', 1240192515995959297, 1240867920893558785);
INSERT INTO `sys_menu`(`id`, `label`, `description`, `type`, `path`, `component`, `icon`, `num`, `parent_num`, `order_num`, `create_time`, `update_time`, `create_uid`, `update_uid`) VALUES (1241254376820563969, '菜单列表', NULL, 3, '', '', '', 131, 13, 131, '2020-07-03 11:17:39', '2020-07-03 11:17:49', 1240192515995959297, 1240867920893558785);
INSERT INTO `sys_menu`(`id`, `label`, `description`, `type`, `path`, `component`, `icon`, `num`, `parent_num`, `order_num`, `create_time`, `update_time`, `create_uid`, `update_uid`) VALUES (1241254551626571777, '创建菜单', NULL, 3, '', '', '', 132, 13, 132, '2020-07-03 11:16:09', '2020-07-03 11:16:20', 1240192515995959297, 1240867920893558785);
INSERT INTO `sys_menu`(`id`, `label`, `description`, `type`, `path`, `component`, `icon`, `num`, `parent_num`, `order_num`, `create_time`, `update_time`, `create_uid`, `update_uid`) VALUES (1241254697986809857, '更新菜单', NULL, 3, '', '', '', 133, 13, 133, '2020-03-21 14:45:56', '2020-03-21 14:45:56', 1240192515995959297, 1240192515995959297);
INSERT INTO `sys_menu`(`id`, `label`, `description`, `type`, `path`, `component`, `icon`, `num`, `parent_num`, `order_num`, `create_time`, `update_time`, `create_uid`, `update_uid`) VALUES (1241254812759744514, '删除菜单', NULL, 3, '', '', '', 134, 13, 134, '2020-07-03 11:17:53', '2020-07-03 11:18:03', 1240192515995959297, 1240867920893558785);
INSERT INTO `sys_menu`(`id`, `label`, `description`, `type`, `path`, `component`, `icon`, `num`, `parent_num`, `order_num`, `create_time`, `update_time`, `create_uid`, `update_uid`) VALUES (1241254948235763714, '权限列表', NULL, 3, '', '', '', 141, 14, 141, '2020-07-03 11:30:43', '2020-07-03 11:30:53', 1240192515995959297, 1240867920893558785);
INSERT INTO `sys_menu`(`id`, `label`, `description`, `type`, `path`, `component`, `icon`, `num`, `parent_num`, `order_num`, `create_time`, `update_time`, `create_uid`, `update_uid`) VALUES (1241302394064076801, '更新角色菜单权限', NULL, 3, '', '', '', 125, 12, 125, '2020-07-03 11:39:35', '2020-07-03 11:39:45', 1240192515995959297, 1240867920893558785);
INSERT INTO `sys_menu`(`id`, `label`, `description`, `type`, `path`, `component`, `icon`, `num`, `parent_num`, `order_num`, `create_time`, `update_time`, `create_uid`, `update_uid`) VALUES (1241310951631261698, '首页', NULL, 1, '/wel/index', '', 'el-icon-document', 10, -1, 50, '2020-03-21 13:29:51', '2020-03-21 21:29:51', 1240867920893558785, 1240867920893558785);
INSERT INTO `sys_menu`(`id`, `label`, `description`, `type`, `path`, `component`, `icon`, `num`, `parent_num`, `order_num`, `create_time`, `update_time`, `create_uid`, `update_uid`) VALUES (1241311239121440770, '文档', NULL, 1, 'https://fymd.gitee.io/minion/', '', 'el-icon-document', 30, -1, 60, '2020-03-21 13:29:58', '2020-03-21 21:29:58', 1240867920893558785, 1240867920893558785);
INSERT INTO `sys_menu`(`id`, `label`, `description`, `type`, `path`, `component`, `icon`, `num`, `parent_num`, `order_num`, `create_time`, `update_time`, `create_uid`, `update_uid`) VALUES (1242841522316062721, '重载权限', NULL, 3, '', '', '', 142, 14, 142, '2020-07-03 11:40:28', '2020-07-03 11:40:38', 1240867920893558785, 1240867920893558785);
INSERT INTO `sys_menu`(`id`, `label`, `description`, `type`, `path`, `component`, `icon`, `num`, `parent_num`, `order_num`, `create_time`, `update_time`, `create_uid`, `update_uid`) VALUES (1242843983776919553, '删除权限', NULL, 3, '', '', '', 143, 14, 143, '2020-07-03 11:40:36', '2020-07-03 11:40:47', 1240867920893558785, 1240867920893558785);

-- 菜单-权限-关系
INSERT INTO `sys_menu_perm`(`id`, `mid`, `pid`, `create_time`, `update_time`, `create_uid`, `update_uid`) VALUES (1241254698251051010, 1241254697986809857, '6d6c4b865cfe0a0df18cc3823f442138', '2020-07-03 11:15:14', '2020-03-21 14:45:56', 1240192515995959297, 1240192515995959297);
INSERT INTO `sys_menu_perm`(`id`, `mid`, `pid`, `create_time`, `update_time`, `create_uid`, `update_uid`) VALUES (1278623100670201857, 1241225809789317121, 'a2152594edba84e83b43b14e376830b0', '2020-07-02 17:34:38', '2020-07-02 17:34:38', 1240867920893558785, 1240867920893558785);
INSERT INTO `sys_menu_perm`(`id`, `mid`, `pid`, `create_time`, `update_time`, `create_uid`, `update_uid`) VALUES (1278628501314752514, 1241226296613793793, '0b198531be1d236727f87ad030be3d2b', '2020-07-02 17:56:05', '2020-07-02 17:56:05', 1240867920893558785, 1240867920893558785);
INSERT INTO `sys_menu_perm`(`id`, `mid`, `pid`, `create_time`, `update_time`, `create_uid`, `update_uid`) VALUES (1278628530062512129, 1241254140979044354, '1ec9aa46543aea9e83722e7fa16ee193', '2020-07-02 17:56:12', '2020-07-02 17:56:12', 1240867920893558785, 1240867920893558785);
INSERT INTO `sys_menu_perm`(`id`, `mid`, `pid`, `create_time`, `update_time`, `create_uid`, `update_uid`) VALUES (1278855953215602689, 1241232210418728961, 'b226af2d9a1270822c2d2cbd70316f96', '2020-07-03 08:59:54', '2020-07-03 08:59:54', 1240867920893558785, 1240867920893558785);
INSERT INTO `sys_menu_perm`(`id`, `mid`, `pid`, `create_time`, `update_time`, `create_uid`, `update_uid`) VALUES (1278855953223991297, 1241232210418728961, 'e77ff0adab18c95f75e13d477b569d69', '2020-07-03 08:59:54', '2020-07-03 08:59:54', 1240867920893558785, 1240867920893558785);
INSERT INTO `sys_menu_perm`(`id`, `mid`, `pid`, `create_time`, `update_time`, `create_uid`, `update_uid`) VALUES (1278890286827663361, 1241254551626571777, '9750444b3247f1c9b175c4691e62bae2', '2020-07-03 11:16:20', '2020-07-03 11:16:20', 1240867920893558785, 1240867920893558785);
INSERT INTO `sys_menu_perm`(`id`, `mid`, `pid`, `create_time`, `update_time`, `create_uid`, `update_uid`) VALUES (1278890662754742273, 1241254376820563969, '1ec86d1f1940932f299de033e16d7dc3', '2020-07-03 11:17:49', '2020-07-03 11:17:49', 1240867920893558785, 1240867920893558785);
INSERT INTO `sys_menu_perm`(`id`, `mid`, `pid`, `create_time`, `update_time`, `create_uid`, `update_uid`) VALUES (1278890662754742274, 1241254376820563969, '56e56d875d1cd5adcae1a30c00a88f0e', '2020-07-03 11:17:49', '2020-07-03 11:17:49', 1240867920893558785, 1240867920893558785);
INSERT INTO `sys_menu_perm`(`id`, `mid`, `pid`, `create_time`, `update_time`, `create_uid`, `update_uid`) VALUES (1278890720409645058, 1241254812759744514, '355c836412b15afffa9d7e05c6dd6e3f', '2020-07-03 11:18:03', '2020-07-03 11:18:03', 1240867920893558785, 1240867920893558785);
INSERT INTO `sys_menu_perm`(`id`, `mid`, `pid`, `create_time`, `update_time`, `create_uid`, `update_uid`) VALUES (1278891003281842178, 1241235316242149377, '776ec71ccdffb353db4a88e71d1f73a8', '2020-07-03 11:19:10', '2020-07-03 11:19:10', 1240867920893558785, 1240867920893558785);
INSERT INTO `sys_menu_perm`(`id`, `mid`, `pid`, `create_time`, `update_time`, `create_uid`, `update_uid`) VALUES (1278893224975278082, 1241235174617280513, '1ec86d1f1940932f299de033e16d7dc3', '2020-07-03 11:28:00', '2020-07-03 11:28:00', 1240867920893558785, 1240867920893558785);
INSERT INTO `sys_menu_perm`(`id`, `mid`, `pid`, `create_time`, `update_time`, `create_uid`, `update_uid`) VALUES (1278893224987860994, 1241235174617280513, 'da3fa36b04b33fc4c24a2192fa98a129', '2020-07-03 11:28:00', '2020-07-03 11:28:00', 1240867920893558785, 1240867920893558785);
INSERT INTO `sys_menu_perm`(`id`, `mid`, `pid`, `create_time`, `update_time`, `create_uid`, `update_uid`) VALUES (1278893278339407873, 1241253796337278977, '521ec78d42e9329585d4c8e0e09f4cad', '2020-07-03 11:28:13', '2020-07-03 11:28:13', 1240867920893558785, 1240867920893558785);
INSERT INTO `sys_menu_perm`(`id`, `mid`, `pid`, `create_time`, `update_time`, `create_uid`, `update_uid`) VALUES (1278893310891401217, 1241253984636362754, 'dace5c3dc2e1b2de682bb3b34f5297d5', '2020-07-03 11:28:21', '2020-07-03 11:28:21', 1240867920893558785, 1240867920893558785);
INSERT INTO `sys_menu_perm`(`id`, `mid`, `pid`, `create_time`, `update_time`, `create_uid`, `update_uid`) VALUES (1278893950241742849, 1241254948235763714, '2d119a2cfcb3d34eaa51a9058a5ecc6a', '2020-07-03 11:30:53', '2020-07-03 11:30:53', 1240867920893558785, 1240867920893558785);
INSERT INTO `sys_menu_perm`(`id`, `mid`, `pid`, `create_time`, `update_time`, `create_uid`, `update_uid`) VALUES (1278896182114861058, 1241302394064076801, '56e56d875d1cd5adcae1a30c00a88f0e', '2020-07-03 11:39:45', '2020-07-03 11:39:45', 1240867920893558785, 1240867920893558785);
INSERT INTO `sys_menu_perm`(`id`, `mid`, `pid`, `create_time`, `update_time`, `create_uid`, `update_uid`) VALUES (1278896182114861059, 1241302394064076801, '879c83fbd96bad12b6d58f782fd37e82', '2020-07-03 11:39:45', '2020-07-03 11:39:45', 1240867920893558785, 1240867920893558785);
INSERT INTO `sys_menu_perm`(`id`, `mid`, `pid`, `create_time`, `update_time`, `create_uid`, `update_uid`) VALUES (1278896182131638274, 1241302394064076801, 'b9bdbd66666e615c5635c4d232fe84ab', '2020-07-03 11:39:45', '2020-07-03 11:39:45', 1240867920893558785, 1240867920893558785);
INSERT INTO `sys_menu_perm`(`id`, `mid`, `pid`, `create_time`, `update_time`, `create_uid`, `update_uid`) VALUES (1278896405860007937, 1242841522316062721, '73b406f4e9d929bdecf457e1dd790a75', '2020-07-03 11:40:39', '2020-07-03 11:40:39', 1240867920893558785, 1240867920893558785);
INSERT INTO `sys_menu_perm`(`id`, `mid`, `pid`, `create_time`, `update_time`, `create_uid`, `update_uid`) VALUES (1278896439770955778, 1242843983776919553, '262416c26b5cb25e499b7f86f066e5af', '2020-07-03 11:40:47', '2020-07-03 11:40:47', 1240867920893558785, 1240867920893558785);

-- 权限
INSERT INTO `sys_perm`(`id`, `own`, `name`, `description`, `path`, `method`, `authorizations`, `create_time`, `update_time`, `create_uid`, `update_uid`) VALUES ('0b198531be1d236727f87ad030be3d2b', '用户', '更新用户', '', '/upms/user', 'PUT', 'sys_user_update', '2020-07-04 23:01:05', '2020-07-04 23:01:05', 1240867920893558785, 1240867920893558785);
INSERT INTO `sys_perm`(`id`, `own`, `name`, `description`, `path`, `method`, `authorizations`, `create_time`, `update_time`, `create_uid`, `update_uid`) VALUES ('1c1de9ec9bac57118e08bb6c6e782215', '用户', '登出', '', '/upms/user/logout', 'GET', '', '2020-07-04 23:01:05', '2020-07-04 23:01:05', 1240867920893558785, 1240867920893558785);
INSERT INTO `sys_perm`(`id`, `own`, `name`, `description`, `path`, `method`, `authorizations`, `create_time`, `update_time`, `create_uid`, `update_uid`) VALUES ('1ec86d1f1940932f299de033e16d7dc3', '权限', '获取所有权限', '', '/upms/perm/all', 'GET', 'sys_perm_all', '2020-07-04 23:01:05', '2020-07-04 23:01:05', 1240867920893558785, 1240867920893558785);
INSERT INTO `sys_perm`(`id`, `own`, `name`, `description`, `path`, `method`, `authorizations`, `create_time`, `update_time`, `create_uid`, `update_uid`) VALUES ('1ec9aa46543aea9e83722e7fa16ee193', '用户', '删除用户', '', '/upms/user/{id:\\d+}', 'DELETE', 'sys_user_delete', '2020-07-04 23:01:05', '2020-07-04 23:01:05', 1240867920893558785, 1240867920893558785);
INSERT INTO `sys_perm`(`id`, `own`, `name`, `description`, `path`, `method`, `authorizations`, `create_time`, `update_time`, `create_uid`, `update_uid`) VALUES ('262416c26b5cb25e499b7f86f066e5af', '权限', '删除权限', '', '/upms/perm/{id}', 'DELETE', 'sys_perm_delete', '2020-07-04 23:01:05', '2020-07-04 23:01:05', 1240867920893558785, 1240867920893558785);
INSERT INTO `sys_perm`(`id`, `own`, `name`, `description`, `path`, `method`, `authorizations`, `create_time`, `update_time`, `create_uid`, `update_uid`) VALUES ('268b7e7978161450cff5e678b63adb14', '验证码', '获取验证码', '', '/code', 'GET', '', '2020-07-04 23:01:05', '2020-07-04 23:01:05', 1240867920893558785, 1240867920893558785);
INSERT INTO `sys_perm`(`id`, `own`, `name`, `description`, `path`, `method`, `authorizations`, `create_time`, `update_time`, `create_uid`, `update_uid`) VALUES ('2d119a2cfcb3d34eaa51a9058a5ecc6a', '权限', '分页获取权限', '', '/upms/perm', 'GET', 'sys_perm_list', '2020-07-04 23:01:05', '2020-07-04 23:01:05', 1240867920893558785, 1240867920893558785);
INSERT INTO `sys_perm`(`id`, `own`, `name`, `description`, `path`, `method`, `authorizations`, `create_time`, `update_time`, `create_uid`, `update_uid`) VALUES ('3487c085e1f253072d0ff38802708718', '用户', '用户登录', '', '/upms/user/login', 'POST', '', '2020-07-04 23:01:05', '2020-07-04 23:01:05', 1240867920893558785, 1240867920893558785);
INSERT INTO `sys_perm`(`id`, `own`, `name`, `description`, `path`, `method`, `authorizations`, `create_time`, `update_time`, `create_uid`, `update_uid`) VALUES ('355c836412b15afffa9d7e05c6dd6e3f', '菜单', '删除菜单', '', '/upms/menu/{id:\\d+}', 'DELETE', 'sys_menu_delete', '2020-07-04 23:01:05', '2020-07-04 23:01:05', 1240867920893558785, 1240867920893558785);
INSERT INTO `sys_perm`(`id`, `own`, `name`, `description`, `path`, `method`, `authorizations`, `create_time`, `update_time`, `create_uid`, `update_uid`) VALUES ('42f1874a99f48c83a846cac72a184a14', '菜单', '获取顶部菜单', '', '/upms/menu/getTopMenu', 'GET', '', '2020-07-04 23:01:05', '2020-07-04 23:01:05', 1240867920893558785, 1240867920893558785);
INSERT INTO `sys_perm`(`id`, `own`, `name`, `description`, `path`, `method`, `authorizations`, `create_time`, `update_time`, `create_uid`, `update_uid`) VALUES ('521ec78d42e9329585d4c8e0e09f4cad', '权限', '更新角色', '', '/upms/role', 'PUT', 'sys_role_update', '2020-07-04 23:01:05', '2020-07-04 23:01:05', 1240867920893558785, 1240867920893558785);
INSERT INTO `sys_perm`(`id`, `own`, `name`, `description`, `path`, `method`, `authorizations`, `create_time`, `update_time`, `create_uid`, `update_uid`) VALUES ('56e56d875d1cd5adcae1a30c00a88f0e', '菜单', '获取所有菜单', '', '/upms/menu', 'GET', 'sys_menu_list', '2020-07-04 23:01:05', '2020-07-04 23:01:05', 1240867920893558785, 1240867920893558785);
INSERT INTO `sys_perm`(`id`, `own`, `name`, `description`, `path`, `method`, `authorizations`, `create_time`, `update_time`, `create_uid`, `update_uid`) VALUES ('6d6c4b865cfe0a0df18cc3823f442138', '菜单', '更新菜单', '', '/upms/menu', 'PUT', 'sys_menu_update', '2020-07-04 23:01:05', '2020-07-04 23:01:05', 1240867920893558785, 1240867920893558785);
INSERT INTO `sys_perm`(`id`, `own`, `name`, `description`, `path`, `method`, `authorizations`, `create_time`, `update_time`, `create_uid`, `update_uid`) VALUES ('73b406f4e9d929bdecf457e1dd790a75', '权限', '重载权限', '', '/upms/perm/reload', 'PUT', 'sys_perm_reload', '2020-07-04 23:01:05', '2020-07-04 23:01:05', 1240867920893558785, 1240867920893558785);
INSERT INTO `sys_perm`(`id`, `own`, `name`, `description`, `path`, `method`, `authorizations`, `create_time`, `update_time`, `create_uid`, `update_uid`) VALUES ('776ec71ccdffb353db4a88e71d1f73a8', '权限', '创建角色', '', '/upms/role', 'POST', 'sys_role_create', '2020-07-04 23:01:05', '2020-07-04 23:01:05', 1240867920893558785, 1240867920893558785);
INSERT INTO `sys_perm`(`id`, `own`, `name`, `description`, `path`, `method`, `authorizations`, `create_time`, `update_time`, `create_uid`, `update_uid`) VALUES ('8213e56a0188bddc2573ff02e833d1e8', '菜单', '获取左侧菜单', '', '/upms/menu/getMenu', 'GET', '', '2020-07-04 23:01:05', '2020-07-04 23:01:05', 1240867920893558785, 1240867920893558785);
INSERT INTO `sys_perm`(`id`, `own`, `name`, `description`, `path`, `method`, `authorizations`, `create_time`, `update_time`, `create_uid`, `update_uid`) VALUES ('84ea8f335b26c45e9ca89417d461cc4d', '用户', '获取当前用户信息', '', '/upms/user/getUserInfo', 'GET', '', '2020-07-04 23:01:05', '2020-07-04 23:01:05', 1240867920893558785, 1240867920893558785);
INSERT INTO `sys_perm`(`id`, `own`, `name`, `description`, `path`, `method`, `authorizations`, `create_time`, `update_time`, `create_uid`, `update_uid`) VALUES ('879c83fbd96bad12b6d58f782fd37e82', '菜单', '获取角色的菜单', '', '/upms/menu/role', 'GET', 'sys_menu_role_get', '2020-07-04 23:01:05', '2020-07-04 23:01:05', 1240867920893558785, 1240867920893558785);
INSERT INTO `sys_perm`(`id`, `own`, `name`, `description`, `path`, `method`, `authorizations`, `create_time`, `update_time`, `create_uid`, `update_uid`) VALUES ('9750444b3247f1c9b175c4691e62bae2', '菜单', '创建菜单', '', '/upms/menu', 'POST', 'sys_menu_create', '2020-07-04 23:01:05', '2020-07-04 23:01:05', 1240867920893558785, 1240867920893558785);
INSERT INTO `sys_perm`(`id`, `own`, `name`, `description`, `path`, `method`, `authorizations`, `create_time`, `update_time`, `create_uid`, `update_uid`) VALUES ('a2152594edba84e83b43b14e376830b0', '用户', '创建用户', '', '/upms/user', 'POST', 'sys_user_create', '2020-07-04 23:01:05', '2020-07-04 23:01:05', 1240867920893558785, 1240867920893558785);
INSERT INTO `sys_perm`(`id`, `own`, `name`, `description`, `path`, `method`, `authorizations`, `create_time`, `update_time`, `create_uid`, `update_uid`) VALUES ('b226af2d9a1270822c2d2cbd70316f96', '用户', '获取用户列表', '', '/upms/user', 'GET', 'sys_user_list', '2020-07-04 23:01:05', '2020-07-04 23:01:05', 1240867920893558785, 1240867920893558785);
INSERT INTO `sys_perm`(`id`, `own`, `name`, `description`, `path`, `method`, `authorizations`, `create_time`, `update_time`, `create_uid`, `update_uid`) VALUES ('b9bdbd66666e615c5635c4d232fe84ab', '菜单', '更新角色的菜单', '', '/upms/menu/role', 'PUT', 'sys_menu_role_update', '2020-07-04 23:01:05', '2020-07-04 23:01:05', 1240867920893558785, 1240867920893558785);
INSERT INTO `sys_perm`(`id`, `own`, `name`, `description`, `path`, `method`, `authorizations`, `create_time`, `update_time`, `create_uid`, `update_uid`) VALUES ('da3fa36b04b33fc4c24a2192fa98a129', '权限', '分页获取角色', '', '/upms/role', 'GET', 'sys_role_list', '2020-07-04 23:01:05', '2020-07-04 23:01:05', 1240867920893558785, 1240867920893558785);
INSERT INTO `sys_perm`(`id`, `own`, `name`, `description`, `path`, `method`, `authorizations`, `create_time`, `update_time`, `create_uid`, `update_uid`) VALUES ('dace5c3dc2e1b2de682bb3b34f5297d5', '权限', '删除角色', '', '/upms/role/{id:\\d+}', 'DELETE', 'sys_role_delete', '2020-07-04 23:01:05', '2020-07-04 23:01:05', 1240867920893558785, 1240867920893558785);
INSERT INTO `sys_perm`(`id`, `own`, `name`, `description`, `path`, `method`, `authorizations`, `create_time`, `update_time`, `create_uid`, `update_uid`) VALUES ('e77ff0adab18c95f75e13d477b569d69', '权限', '获取所有角色', '', '/upms/role/all', 'GET', 'sys_role_all', '2020-07-04 23:01:05', '2020-07-04 23:01:05', 1240867920893558785, 1240867920893558785);

-- 角色
INSERT INTO `sys_role`(`id`, `name`, `role_key`, `description`, `create_time`, `update_time`, `create_uid`, `update_uid`) VALUES (1241302989927874561, '管理员', 'role_admin', '管理员（不要删除哦）', '2020-03-21 14:01:31', '2020-03-21 22:01:32', 1240192515995959297, 1240867920893558785);

-- 角色-菜单关系
INSERT INTO `sys_role_menu`(`id`, `rid`, `mid`, `create_time`, `update_time`, `create_uid`, `update_uid`) VALUES (1242844021928308738, 1241302989927874561, 1, '2020-03-26 00:01:20', '2020-03-26 00:01:20', 1240867920893558785, 1240867920893558785);
INSERT INTO `sys_role_menu`(`id`, `rid`, `mid`, `create_time`, `update_time`, `create_uid`, `update_uid`) VALUES (1242844021940891650, 1241302989927874561, 2, '2020-03-26 00:01:20', '2020-03-26 00:01:20', 1240867920893558785, 1240867920893558785);
INSERT INTO `sys_role_menu`(`id`, `rid`, `mid`, `create_time`, `update_time`, `create_uid`, `update_uid`) VALUES (1242844021945085954, 1241302989927874561, 1241232210418728961, '2020-03-26 00:01:20', '2020-03-26 00:01:20', 1240867920893558785, 1240867920893558785);
INSERT INTO `sys_role_menu`(`id`, `rid`, `mid`, `create_time`, `update_time`, `create_uid`, `update_uid`) VALUES (1242844021949280257, 1241302989927874561, 1241225809789317121, '2020-03-26 00:01:20', '2020-03-26 00:01:20', 1240867920893558785, 1240867920893558785);
INSERT INTO `sys_role_menu`(`id`, `rid`, `mid`, `create_time`, `update_time`, `create_uid`, `update_uid`) VALUES (1242844021957668865, 1241302989927874561, 1241226296613793793, '2020-03-26 00:01:20', '2020-03-26 00:01:20', 1240867920893558785, 1240867920893558785);
INSERT INTO `sys_role_menu`(`id`, `rid`, `mid`, `create_time`, `update_time`, `create_uid`, `update_uid`) VALUES (1242844021961863170, 1241302989927874561, 1241254140979044354, '2020-03-26 00:01:20', '2020-03-26 00:01:20', 1240867920893558785, 1240867920893558785);
INSERT INTO `sys_role_menu`(`id`, `rid`, `mid`, `create_time`, `update_time`, `create_uid`, `update_uid`) VALUES (1242844021966057473, 1241302989927874561, 3, '2020-03-26 00:01:20', '2020-03-26 00:01:20', 1240867920893558785, 1240867920893558785);
INSERT INTO `sys_role_menu`(`id`, `rid`, `mid`, `create_time`, `update_time`, `create_uid`, `update_uid`) VALUES (1242844021970251777, 1241302989927874561, 1241235174617280513, '2020-03-26 00:01:20', '2020-03-26 00:01:20', 1240867920893558785, 1240867920893558785);
INSERT INTO `sys_role_menu`(`id`, `rid`, `mid`, `create_time`, `update_time`, `create_uid`, `update_uid`) VALUES (1242844021978640385, 1241302989927874561, 1241235316242149377, '2020-03-26 00:01:20', '2020-03-26 00:01:20', 1240867920893558785, 1240867920893558785);
INSERT INTO `sys_role_menu`(`id`, `rid`, `mid`, `create_time`, `update_time`, `create_uid`, `update_uid`) VALUES (1242844021982834689, 1241302989927874561, 1241253796337278977, '2020-03-26 00:01:20', '2020-03-26 00:01:20', 1240867920893558785, 1240867920893558785);
INSERT INTO `sys_role_menu`(`id`, `rid`, `mid`, `create_time`, `update_time`, `create_uid`, `update_uid`) VALUES (1242844021987028993, 1241302989927874561, 1241253984636362754, '2020-03-26 00:01:20', '2020-03-26 00:01:20', 1240867920893558785, 1240867920893558785);
INSERT INTO `sys_role_menu`(`id`, `rid`, `mid`, `create_time`, `update_time`, `create_uid`, `update_uid`) VALUES (1242844021991223297, 1241302989927874561, 1241302394064076801, '2020-03-26 00:01:20', '2020-03-26 00:01:20', 1240867920893558785, 1240867920893558785);
INSERT INTO `sys_role_menu`(`id`, `rid`, `mid`, `create_time`, `update_time`, `create_uid`, `update_uid`) VALUES (1242844021995417601, 1241302989927874561, 4, '2020-03-26 00:01:20', '2020-03-26 00:01:20', 1240867920893558785, 1240867920893558785);
INSERT INTO `sys_role_menu`(`id`, `rid`, `mid`, `create_time`, `update_time`, `create_uid`, `update_uid`) VALUES (1242844022003806209, 1241302989927874561, 1241254376820563969, '2020-03-26 00:01:20', '2020-03-26 00:01:20', 1240867920893558785, 1240867920893558785);
INSERT INTO `sys_role_menu`(`id`, `rid`, `mid`, `create_time`, `update_time`, `create_uid`, `update_uid`) VALUES (1242844022008000514, 1241302989927874561, 1241254551626571777, '2020-03-26 00:01:20', '2020-03-26 00:01:20', 1240867920893558785, 1240867920893558785);
INSERT INTO `sys_role_menu`(`id`, `rid`, `mid`, `create_time`, `update_time`, `create_uid`, `update_uid`) VALUES (1242844022012194817, 1241302989927874561, 1241254697986809857, '2020-03-26 00:01:20', '2020-03-26 00:01:20', 1240867920893558785, 1240867920893558785);
INSERT INTO `sys_role_menu`(`id`, `rid`, `mid`, `create_time`, `update_time`, `create_uid`, `update_uid`) VALUES (1242844022016389121, 1241302989927874561, 1241254812759744514, '2020-03-26 00:01:20', '2020-03-26 00:01:20', 1240867920893558785, 1240867920893558785);
INSERT INTO `sys_role_menu`(`id`, `rid`, `mid`, `create_time`, `update_time`, `create_uid`, `update_uid`) VALUES (1242844022020583425, 1241302989927874561, 1241078089300623361, '2020-03-26 00:01:20', '2020-03-26 00:01:20', 1240867920893558785, 1240867920893558785);
INSERT INTO `sys_role_menu`(`id`, `rid`, `mid`, `create_time`, `update_time`, `create_uid`, `update_uid`) VALUES (1242844022024777730, 1241302989927874561, 1241254948235763714, '2020-03-26 00:01:20', '2020-03-26 00:01:20', 1240867920893558785, 1240867920893558785);
INSERT INTO `sys_role_menu`(`id`, `rid`, `mid`, `create_time`, `update_time`, `create_uid`, `update_uid`) VALUES (1242844022033166338, 1241302989927874561, 1242841522316062721, '2020-03-26 00:01:20', '2020-03-26 00:01:20', 1240867920893558785, 1240867920893558785);
INSERT INTO `sys_role_menu`(`id`, `rid`, `mid`, `create_time`, `update_time`, `create_uid`, `update_uid`) VALUES (1242844022033166339, 1241302989927874561, 1242843983776919553, '2020-03-26 00:01:20', '2020-03-26 00:01:20', 1240867920893558785, 1240867920893558785);
INSERT INTO `sys_role_menu`(`id`, `rid`, `mid`, `create_time`, `update_time`, `create_uid`, `update_uid`) VALUES (1242844022037360642, 1241302989927874561, 1241310951631261698, '2020-03-26 00:01:20', '2020-03-26 00:01:20', 1240867920893558785, 1240867920893558785);
INSERT INTO `sys_role_menu`(`id`, `rid`, `mid`, `create_time`, `update_time`, `create_uid`, `update_uid`) VALUES (1242844022045749250, 1241302989927874561, 1241311239121440770, '2020-03-26 00:01:20', '2020-03-26 00:01:20', 1240867920893558785, 1240867920893558785);

-- 用户
INSERT INTO `sys_user`(`id`, `username`, `phone`, `email`, `password`, `dept_id`, `create_time`, `update_time`, `create_uid`, `update_uid`, `deleted`) VALUES (1240192515995959297, 'DHB', '100010', 'xx158@qq.com', '{bcrypt}$2a$10$wsugThnpTpm2090fhj9.5OvhWpH.8eM0eZM85HFN/PzaeaYIq6oeO', NULL, '2020-07-03 14:30:21', '2020-07-03 14:30:31', 0, 1240867920893558785, 0);
INSERT INTO `sys_user`(`id`, `username`, `phone`, `email`, `password`, `dept_id`, `create_time`, `update_time`, `create_uid`, `update_uid`, `deleted`) VALUES (1240867920893558785, 'admin', '13800138000', '13025667098a@gmail.com', '{bcrypt}$2a$10$wOR9pMjwEE8dhoCquVFqXe7nBy.Dm2gDYHnG5.GV/AB.taF744J0.', NULL, '2020-07-03 16:41:06', '2020-07-03 16:41:17', 1240192515995959297, 1240867920893558785, 0);

-- 用户-角色关系
INSERT INTO `sys_user_role`(`id`, `user_id`, `rid`, `create_time`, `update_time`, `create_uid`, `update_uid`) VALUES (1278972061973118977, 1240867920893558785, 1241302989927874561, '2020-07-03 16:41:16', '2020-07-03 16:41:16', 1240867920893558785, 1240867920893558785);
